SampleName,Marker,Allele,Height
evid1,AMEL,X,2136
evid1,AMEL,Y,1015
evid1,D10S1248,13,1856
evid1,D10S1248,14,155
evid1,D10S1248,15,1045
evid1,D12S391,18,297
evid1,D12S391,18.3,1446
evid1,D12S391,19,751
evid1,D12S391,21,171
evid1,D12S391,22,1370
evid1,D16S539,10,312
evid1,D16S539,11,743
evid1,D16S539,12,619
evid1,D16S539,9,217
evid1,D18S51,15,467
evid1,D18S51,17,524
evid1,D19S433,13,1157
evid1,D19S433,14,781
evid1,D19S433,15.2,922
evid1,D1S1656,12,1140
evid1,D1S1656,15,601
evid1,D1S1656,16,488
evid1,D1S1656,16.3,155
evid1,D1S1656,17.3,1877
evid1,D21S11,27,1128
evid1,D21S11,29,1750
evid1,D22S1045,15,1017
evid1,D22S1045,16,610
evid1,D2S1338,17,290
evid1,D2S1338,19,619
evid1,D2S1338,20,259
evid1,D2S1338,23,649
evid1,D2S441,10,3362
evid1,D2S441,11,1168
evid1,D2S441,14,3693
evid1,D2S441,9,200
evid1,D3S1358,14,178
evid1,D3S1358,15,2405
evid1,D3S1358,16,1982
evid1,D8S1179,10,206
evid1,D8S1179,13,352
evid1,D8S1179,14,978
evid1,D8S1179,15,827
evid1,FGA,21,664
evid1,FGA,22,714
evid1,SE33,29.2,221
evid1,SE33,30.2,473
evid1,SE33,33.2,570
evid1,TH01,6,419
evid1,TH01,7,282
evid1,TH01,9.3,1871
evid1,vWA,14,1250
evid1,vWA,15,440
evid1,vWA,17,1232
evid2,D1S1656,12,1140
evid2,D1S1656,15,601
evid2,D1S1656,16,488
evid2,D1S1656,16.3,155
evid2,D1S1656,17.3,1877
evid3,D10S1248,13,1856
evid3,D16S539,9,217
evid3,D19S433,13,1157
evid3,D1S1656,16.3,155
evid3,D2S1338,20,259
evid3,D2S441,9,200
evid3,D8S1179,13,352
evid3,SE33,29.2,221
evid3,TH01,6,419
evid4,NA,NA,NA
