SampleName,Marker,Allele
00-JP0001-14_20142342311_NO-3241,AMEL,X
00-JP0001-14_20142342311_NO-3241,AMEL,Y
00-JP0001-14_20142342311_NO-3241,D10S1248,12
00-JP0001-14_20142342311_NO-3241,D10S1248,13
00-JP0001-14_20142342311_NO-3241,D12S391,17
00-JP0001-14_20142342311_NO-3241,D12S391,18
00-JP0001-14_20142342311_NO-3241,D16S539,10
00-JP0001-14_20142342311_NO-3241,D16S539,11
00-JP0001-14_20142342311_NO-3241,D18S51,13
00-JP0001-14_20142342311_NO-3241,D18S51,17
00-JP0001-14_20142342311_NO-3241,D19S433,13
00-JP0001-14_20142342311_NO-3241,D19S433,14
00-JP0001-14_20142342311_NO-3241,D1S1656,11
00-JP0001-14_20142342311_NO-3241,D1S1656,14
00-JP0001-14_20142342311_NO-3241,D21S11,29
00-JP0001-14_20142342311_NO-3241,D21S11,30
00-JP0001-14_20142342311_NO-3241,D22S1045,15
00-JP0001-14_20142342311_NO-3241,D22S1045,16
00-JP0001-14_20142342311_NO-3241,D2S1338,17
00-JP0001-14_20142342311_NO-3241,D2S1338,19
00-JP0001-14_20142342311_NO-3241,D2S441,10
00-JP0001-14_20142342311_NO-3241,D2S441,11
00-JP0001-14_20142342311_NO-3241,D3S1358,14
00-JP0001-14_20142342311_NO-3241,D3S1358,15
00-JP0001-14_20142342311_NO-3241,D8S1179,12
00-JP0001-14_20142342311_NO-3241,D8S1179,13
00-JP0001-14_20142342311_NO-3241,FGA,19
00-JP0001-14_20142342311_NO-3241,FGA,22
00-JP0001-14_20142342311_NO-3241,SE33,15
00-JP0001-14_20142342311_NO-3241,SE33,21
00-JP0001-14_20142342311_NO-3241,TH01,7
00-JP0001-14_20142342311_NO-3241,TH01,9.3
00-JP0001-14_20142342311_NO-3241,VWA,17
00-JP0001-14_20142342311_NO-3241,VWA,18
P1,AMEL,X
P1,AMEL,Y
P1,D10S1248,13
P1,D10S1248,15
P1,D12S391,18.3
P1,D12S391,22
P1,D16S539,11
P1,D16S539,12
P1,D18S51,15
P1,D18S51,17
P1,D19S433,13
P1,D19S433,15.2
P1,D1S1656,12
P1,D1S1656,17.3
P1,D21S11,27
P1,D21S11,29
P1,D22S1045,15
P1,D22S1045,16
P1,D2S1338,19
P1,D2S1338,23
P1,D2S441,10
P1,D2S441,14
P1,D3S1358,15
P1,D3S1358,16
P1,D8S1179,14
P1,D8S1179,15
P1,FGA,21
P1,FGA,22
P1,SE33,30.2
P1,SE33,33.2
P1,TH01,9.3
P1,VWA,14
P1,VWA,17
P2,AMEL,X
P2,D10S1248,13
P2,D12S391,18
P2,D12S391,19
P2,D16S539,10
P2,D16S539,9
P2,D18S51,11
P2,D18S51,14
P2,D19S433,14
P2,D1S1656,15
P2,D1S1656,16
P2,D21S11,29
P2,D21S11,35
P2,D22S1045,15
P2,D2S1338,17
P2,D2S1338,20
P2,D2S441,11
P2,D3S1358,15
P2,D3S1358,16
P2,D8S1179,10
P2,D8S1179,13
P2,FGA,22
P2,FGA,25
P2,SE33,27.2
P2,SE33,29.2
P2,TH01,6
P2,TH01,7
P2,VWA,15
P2,VWA,17
