Allele,D3S1358,TH01,D21S11,D18S51,D10S1248,D1S1656,D2S1338,D16S539,D22S1045,VWA,D8S1179,FGA,D2S441,D12S391,D19S433,SE33
5,NA,0.00259844093543874,NA,NA,NA,NA,NA,NA,NA,NA,NA,NA,NA,NA,NA,NA
6,NA,0.209274435338797,NA,NA,NA,NA,NA,8.9928057553956e-4,NA,NA,NA,NA,NA,NA,NA,NA
6.3,NA,NA,NA,NA,NA,NA,NA,NA,NA,NA,NA,NA,NA,NA,NA,NA
7,NA,0.212472516490106,NA,8.984725965858e-4,NA,NA,NA,NA,NA,NA,NA,NA,NA,NA,NA,NA
8,NA,0.0836498101139316,NA,NA,NA,NA,NA,0.00869304556354916,NA,NA,0.0113022566077856,NA,NA,NA,NA,NA
8.2,NA,NA,NA,NA,NA,NA,NA,NA,NA,NA,NA,NA,NA,NA,NA,0.002506945333238
9,NA,0.140915450729562,NA,9.9830288509533e-4,NA,NA,NA,0.13449240607514,NA,NA,0.00920183723819713,NA,NA,NA,NA,NA
9.1,NA,NA,NA,NA,NA,NA,NA,NA,NA,NA,NA,NA,NA,NA,NA,NA
9.3,NA,0.344293423945633,NA,NA,NA,NA,NA,NA,NA,NA,NA,NA,NA,NA,NA,NA
10,8.9865202196705e-4,0.00589646212272636,NA,0.0105820105820106,NA,0.002,NA,0.052158273381295,NA,NA,0.096419251061109,NA,0.172897,NA,NA,NA
10.1,NA,NA,NA,NA,NA,NA,NA,NA,NA,NA,NA,NA,NA,NA,NA,NA
11,0.00559161258112831,8.9946032380571e-4,NA,0.00638913846461016,0.00467300467300467,0.077,NA,0.316446842525979,0.154213618152737,NA,0.0769153569149303,NA,0.397196,NA,NA,NA
11.1,NA,NA,NA,NA,NA,NA,NA,NA,NA,NA,NA,NA,NA,NA,NA,NA
11.3,NA,NA,NA,NA,NA,NA,NA,NA,NA,NA,NA,NA,0.037383,NA,NA,NA
11.4,NA,NA,NA,NA,NA,NA,NA,NA,NA,NA,NA,NA,NA,NA,NA,NA
12,NA,NA,NA,0.132075471698113,0.028037028037028,0.148,NA,0.273681055155875,0.0186929234304175,8.984725965858e-4,0.140027957972565,NA,0.03271,NA,0.074766,0.006556626256162
13,0.00329505741387918,NA,NA,0.127882599580713,0.285047285047285,0.045,NA,0.180755395683453,0.00467323085760437,8.984725965858e-4,0.337267338773921,NA,0.018692,NA,0.242991,0.006556626256162
13.1,NA,NA,NA,NA,NA,NA,NA,NA,NA,NA,NA,NA,0.004673,NA,NA,NA
13.2,NA,NA,NA,NA,NA,NA,NA,NA,NA,NA,NA,NA,NA,NA,0.009346,0.002506945333238
13.4,NA,NA,NA,NA,NA,NA,NA,NA,NA,NA,NA,NA,NA,NA,NA,NA
14,0.124113829256116,NA,NA,0.181291803933313,0.303738303738304,0.075,NA,0.0300759392486011,0.0420076751791538,0.0922431865828092,0.202140359330396,NA,0.294393,NA,0.327103,0.0325902893321
14.1,NA,NA,NA,NA,NA,NA,NA,NA,NA,NA,NA,NA,NA,NA,NA,NA
14.2,NA,NA,NA,NA,NA,NA,NA,NA,NA,NA,NA,NA,NA,NA,0.014019,0.002506945333238
15,0.270993509735397,NA,NA,0.139862234201857,0.21962621962622,0.133,NA,0.00279776179056755,0.29440754373266,0.0754716981132076,0.0991197902505799,NA,0.03271,0.0418247155120783,0.205607,0.035579339537115
15.2,NA,NA,NA,NA,NA,NA,NA,NA,NA,NA,NA,NA,NA,NA,0.023364,0.002506945333238
15.3,NA,NA,NA,NA,NA,0.07,NA,NA,NA,NA,NA,NA,NA,NA,NA,0.002506945333238
16,0.23155267099351,NA,NA,0.116102625536588,0.116822116822117,0.113,0.0373830373830374,NA,0.397215622451749,0.21842867125886,0.0259051722249245,NA,0.009346,0.0234577760031943,0.060748,0.047149856459754
16.1,NA,NA,NA,NA,NA,NA,NA,NA,NA,NA,NA,NA,NA,NA,NA,0.002506945333238
16.2,NA,NA,NA,NA,NA,NA,NA,NA,NA,NA,NA,NA,NA,NA,0.028037,0.002506945333238
16.3,NA,NA,NA,NA,NA,0.065,NA,NA,NA,NA,NA,NA,NA,8.9838291076063e-4,NA,0.002506945333238
17,0.202695956065901,NA,NA,0.0971348707197764,0.0420560420560421,0.04,0.233645233645234,NA,0.0794429244804693,0.294599181391634,0.00170067962559198,8.9695036874626e-4,NA,0.129466959472949,0.009346,0.050138906664769
17.2,NA,NA,NA,NA,NA,NA,NA,NA,NA,NA,NA,NA,NA,NA,0.004673,NA
17.3,NA,NA,NA,NA,NA,0.153,NA,NA,NA,NA,NA,NA,NA,0.0143741265721701,NA,0.002506945333238
18,0.140988517224164,NA,NA,0.0849555755216133,NA,0.002,0.0794390794390794,NA,0.00934646171520873,0.204252770290506,NA,0.0248156268686466,NA,0.177380714713516,NA,0.062191528459185
18.3,NA,NA,NA,8.984725965858e-4,NA,0.07,NA,NA,NA,NA,NA,NA,NA,0.010481133958874,NA,NA
19,0.017373939091363,NA,NA,0.0625935908954777,NA,NA,0.107477107477107,NA,NA,0.0898472596585804,NA,0.0603946581622484,NA,0.114493910960272,NA,0.077233200458616
19.2,NA,NA,NA,NA,NA,NA,NA,NA,NA,NA,NA,8.9695036874626e-4,NA,NA,NA,0.002506945333238
19.3,NA,NA,NA,NA,NA,0.007,NA,NA,NA,NA,NA,NA,NA,0.00678778199241366,NA,0.002506945333238
20,0.00159760359460809,NA,NA,0.0213636817410402,NA,NA,0.163551163551164,NA,NA,0.0189677548168114,NA,0.160354793701415,NA,0.112297863845079,NA,0.036639970255024
20.2,NA,NA,NA,NA,NA,NA,NA,NA,NA,NA,NA,8.9695036874626e-4,NA,NA,NA,0.008002940871492
20.3,NA,NA,NA,NA,NA,NA,NA,NA,NA,NA,NA,NA,NA,8.9838291076063e-4,NA,NA
21,8.9865202196705e-4,NA,NA,0.0070879504841769,NA,NA,0.028037028037028,NA,NA,0.00259558750124788,NA,0.169124975084712,NA,0.0981233779197445,NA,0.019573457794131
21.1,NA,NA,NA,NA,NA,NA,NA,NA,NA,NA,NA,NA,NA,NA,NA,0.002506945333238
21.2,NA,NA,NA,NA,NA,NA,NA,NA,NA,NA,NA,0.00239186764999003,NA,NA,NA,0.02208040312737
22,NA,NA,NA,0.00499151442547669,NA,NA,0.028037028037028,NA,NA,8.984725965858e-4,NA,0.167630057803468,NA,0.113795168696347,NA,0.010991991076507
22.1,NA,NA,NA,NA,NA,NA,NA,NA,NA,NA,NA,NA,NA,NA,NA,0.002506945333238
22.2,NA,NA,NA,NA,NA,NA,NA,NA,NA,NA,NA,0.00867052023121387,NA,NA,NA,0.02208040312737
23,NA,NA,NA,0.00139762403913347,NA,NA,0.0887850887850888,NA,NA,NA,NA,0.13832967909109,NA,0.089239369135556,NA,0.002506945333238
23.2,NA,NA,NA,NA,NA,NA,NA,NA,NA,NA,NA,0.006079330277058,NA,NA,NA,0.033650920050008
24,NA,NA,NA,0.00169711490466207,NA,NA,0.0981310981310981,NA,NA,8.984725965858e-4,NA,0.133745266095276,NA,0.0426232780994211,NA,0.002506945333238
24.2,NA,NA,8.9730807577268e-4,NA,NA,NA,NA,NA,NA,NA,NA,9.9661152082918e-4,NA,NA,NA,0.035097234665338
25,NA,NA,8.9730807577268e-4,8.984725965858e-4,NA,NA,0.121495121495122,NA,NA,NA,NA,0.0841140123579829,NA,0.0154721501297664,NA,NA
25.2,NA,NA,8.9730807577268e-4,NA,NA,NA,NA,NA,NA,NA,NA,8.9695036874626e-4,NA,NA,NA,0.042135965793277
26,NA,NA,0.00309072781655035,NA,NA,NA,0.014019014019014,NA,NA,NA,NA,0.0301973290811242,NA,0.00658814134557796,NA,0.002506945333238
26.2,NA,NA,8.9730807577268e-4,NA,NA,NA,NA,NA,NA,NA,NA,8.9695036874626e-4,NA,NA,NA,0.046667751587978
27,NA,NA,0.0351944167497507,8.984725965858e-4,NA,NA,NA,NA,NA,NA,NA,0.006079330277058,NA,8.9838291076063e-4,NA,NA
27.2,NA,NA,NA,NA,NA,NA,NA,NA,NA,NA,NA,NA,NA,NA,NA,0.083789826714778
28,NA,NA,0.1740777666999,NA,NA,NA,NA,NA,NA,NA,NA,0.00169423958540961,NA,8.9838291076063e-4,NA,0.002506945333238
28.2,NA,NA,NA,NA,NA,NA,NA,NA,NA,NA,NA,NA,NA,NA,NA,0.084271931586554
29,NA,NA,0.228115653040877,NA,NA,NA,NA,NA,NA,NA,NA,8.9695036874626e-4,NA,NA,NA,NA
29.2,NA,NA,8.9730807577268e-4,NA,NA,NA,NA,NA,NA,NA,NA,NA,NA,NA,NA,0.079258040920077
29.3,NA,NA,8.9730807577268e-4,NA,NA,NA,NA,NA,NA,NA,NA,NA,NA,NA,NA,NA
30,NA,NA,0.250947158524427,NA,NA,NA,NA,NA,NA,NA,NA,NA,NA,NA,NA,NA
30.2,NA,NA,0.0333000997008973,NA,NA,NA,NA,NA,NA,NA,NA,NA,NA,NA,NA,0.052163747126231
31,NA,NA,0.0834496510468594,NA,NA,NA,NA,NA,NA,NA,NA,NA,NA,NA,NA,0.002506945333238
31.2,NA,NA,0.0713858424725823,NA,NA,NA,NA,NA,NA,NA,NA,NA,NA,NA,NA,0.028637029383532
32,NA,NA,0.0138584247258225,NA,NA,NA,NA,NA,NA,NA,NA,NA,NA,NA,NA,NA
32.2,NA,NA,0.0732801595214357,NA,NA,NA,NA,NA,NA,NA,NA,NA,NA,NA,NA,0.01050988620473
33,NA,NA,0.00139581256231306,NA,NA,NA,NA,NA,NA,NA,NA,NA,NA,NA,NA,0.002989050205015
33.2,NA,NA,0.0241276171485543,NA,NA,NA,NA,NA,NA,NA,NA,NA,NA,NA,NA,0.002989050205015
34,NA,NA,NA,NA,NA,NA,NA,NA,NA,NA,NA,NA,NA,NA,NA,0.002506945333238
34.2,NA,NA,0.00239282153539382,NA,NA,NA,NA,NA,NA,NA,NA,NA,NA,NA,NA,0.002506945333238
35,NA,NA,NA,NA,NA,NA,NA,NA,NA,NA,NA,NA,NA,NA,NA,0.002506945333238
35.2,NA,NA,NA,NA,NA,NA,NA,NA,NA,NA,NA,NA,NA,NA,NA,0.002506945333238
36,NA,NA,NA,NA,NA,NA,NA,NA,NA,NA,NA,NA,NA,NA,NA,0.002506945333238
37,NA,NA,NA,NA,NA,NA,NA,NA,NA,NA,NA,NA,NA,NA,NA,0.002814283217225
